[
  {
    "id": "375fee85-9abe-4032-b624-bf8c3e8d394b",
    "data": [
      {
        "text": "3.6",
        "alias": "score",
        "meta": "@sys.number",
        "userDefined": false
      }
    ],
    "isTemplate": false,
    "count": 0,
    "updated": 0
  },
  {
    "id": "76db8373-7299-4667-9f28-73b77804c710",
    "data": [
      {
        "text": "My attitude was a ",
        "userDefined": false
      },
      {
        "text": "4",
        "alias": "score",
        "meta": "@sys.number",
        "userDefined": false
      }
    ],
    "isTemplate": false,
    "count": 0,
    "updated": 0
  },
  {
    "id": "08e7ee29-5dc4-4c41-963d-5b954d345e12",
    "data": [
      {
        "text": "This is ",
        "userDefined": false
      },
      {
        "text": "Anika",
        "alias": "person",
        "meta": "@sys.person",
        "userDefined": false
      },
      {
        "text": " and my score was ",
        "userDefined": false
      },
      {
        "text": "3.42",
        "alias": "score",
        "meta": "@sys.number",
        "userDefined": false
      },
      {
        "text": " ",
        "userDefined": false
      },
      {
        "text": "today",
        "alias": "date",
        "meta": "@sys.date",
        "userDefined": false
      }
    ],
    "isTemplate": false,
    "count": 0,
    "updated": 0
  }
]